{"data_time": 0.0008305064999376555, "eta_seconds": 1020.2937302400096, "fast_rcnn/cls_accuracy": 0.27734375, "fast_rcnn/false_negative": 0.0, "fast_rcnn/fg_cls_accuracy": 1.0, "iteration": 19, "loss_box_reg": 0.14337783306837082, "loss_cls": 0.7748124599456787, "loss_rpn_cls": 0.227411650121212, "loss_rpn_loc": 0.06639470905065536, "lr": 4.99525e-05, "roi_head/num_bg_samples": 122.5, "roi_head/num_fg_samples": 5.5, "rpn/num_neg_anchors": 232.75, "rpn/num_pos_anchors": 23.25, "time": 2.12561193800002, "total_loss": 1.3052688408643007}
{"data_time": 0.0012007794999817634, "eta_seconds": 977.7814914800092, "fast_rcnn/cls_accuracy": 0.951171875, "fast_rcnn/false_negative": 1.0, "fast_rcnn/fg_cls_accuracy": 0.0, "iteration": 39, "loss_box_reg": 0.14868035167455673, "loss_cls": 0.2385222539305687, "loss_rpn_cls": 0.18809524923563004, "loss_rpn_loc": 0.033636389300227165, "lr": 9.990249999999999e-05, "roi_head/num_bg_samples": 121.75, "roi_head/num_fg_samples": 6.25, "rpn/num_neg_anchors": 244.25, "rpn/num_pos_anchors": 11.75, "time": 2.1185747035000304, "total_loss": 0.6604439690709114}
{"data_time": 0.000689899000008154, "eta_seconds": 934.9017847400046, "fast_rcnn/cls_accuracy": 0.9296875, "fast_rcnn/false_negative": 1.0, "fast_rcnn/fg_cls_accuracy": 0.0, "iteration": 59, "loss_box_reg": 0.2518715560436249, "loss_cls": 0.2168450877070427, "loss_rpn_cls": 0.09338682889938354, "loss_rpn_loc": 0.031229025684297085, "lr": 0.0001498525, "roi_head/num_bg_samples": 119.0, "roi_head/num_fg_samples": 9.0, "rpn/num_neg_anchors": 242.0, "rpn/num_pos_anchors": 14.0, "time": 2.071759076000035, "total_loss": 0.5901661729440093}
{"data_time": 0.0007401299999969524, "eta_seconds": 892.4062490700044, "fast_rcnn/cls_accuracy": 0.916015625, "fast_rcnn/false_negative": 1.0, "fast_rcnn/fg_cls_accuracy": 0.0, "iteration": 79, "loss_box_reg": 0.29537805914878845, "loss_cls": 0.18593863397836685, "loss_rpn_cls": 0.05301489681005478, "loss_rpn_loc": 0.022819221019744873, "lr": 0.00019980250000000002, "roi_head/num_bg_samples": 117.25, "roi_head/num_fg_samples": 10.75, "rpn/num_neg_anchors": 244.75, "rpn/num_pos_anchors": 11.25, "time": 2.121421150499998, "total_loss": 0.5706887515261769}
{"data_time": 0.0007960855000419542, "eta_seconds": 849.9107134000042, "fast_rcnn/cls_accuracy": 0.91796875, "fast_rcnn/false_negative": 1.0, "fast_rcnn/fg_cls_accuracy": 0.0, "iteration": 99, "loss_box_reg": 0.2900504767894745, "loss_cls": 0.16077160835266113, "loss_rpn_cls": 0.03823867067694664, "loss_rpn_loc": 0.014805995859205723, "lr": 0.0002497525, "roi_head/num_bg_samples": 117.0, "roi_head/num_fg_samples": 11.0, "rpn/num_neg_anchors": 245.75, "rpn/num_pos_anchors": 10.25, "time": 2.1058637770000246, "total_loss": 0.5317164119333029}
{"data_time": 0.0008222490000093785, "eta_seconds": 807.7325364400076, "fast_rcnn/cls_accuracy": 0.943359375, "fast_rcnn/false_negative": 0.5, "fast_rcnn/fg_cls_accuracy": 0.5, "iteration": 119, "loss_box_reg": 0.3968465328216553, "loss_cls": 0.13662639260292053, "loss_rpn_cls": 0.0254632830619812, "loss_rpn_loc": 0.02010429836809635, "lr": 0.0002997025, "roi_head/num_bg_samples": 114.5, "roi_head/num_fg_samples": 13.5, "rpn/num_neg_anchors": 243.5, "rpn/num_pos_anchors": 12.5, "time": 2.140829896000014, "total_loss": 0.5847897627390921}
{"data_time": 0.0010580344999766567, "eta_seconds": 768.0858919199954, "fast_rcnn/cls_accuracy": 0.96875, "fast_rcnn/false_negative": 0.1380952380952381, "fast_rcnn/fg_cls_accuracy": 0.861904761904762, "iteration": 139, "loss_box_reg": 0.35985252261161804, "loss_cls": 0.08614125847816467, "loss_rpn_cls": 0.01795848924666643, "loss_rpn_loc": 0.015227416530251503, "lr": 0.00034965250000000005, "roi_head/num_bg_samples": 114.25, "roi_head/num_fg_samples": 13.75, "rpn/num_neg_anchors": 245.0, "rpn/num_pos_anchors": 11.0, "time": 2.1522552345000463, "total_loss": 0.4863640032708645}
{"data_time": 0.0007698854999489413, "eta_seconds": 725.4144534799957, "fast_rcnn/cls_accuracy": 0.98046875, "fast_rcnn/false_negative": 0.06266149870801033, "fast_rcnn/fg_cls_accuracy": 0.9373385012919897, "iteration": 159, "loss_box_reg": 0.3418697118759155, "loss_cls": 0.06927487626671791, "loss_rpn_cls": 0.01707081776112318, "loss_rpn_loc": 0.01988459751009941, "lr": 0.00039960250000000005, "roi_head/num_bg_samples": 113.75, "roi_head/num_fg_samples": 14.25, "rpn/num_neg_anchors": 242.5, "rpn/num_pos_anchors": 13.5, "time": 2.1155530040000485, "total_loss": 0.46190370176918805}
{"data_time": 0.000710220500025116, "eta_seconds": 684.9868201599929, "fast_rcnn/cls_accuracy": 0.974609375, "fast_rcnn/false_negative": 0.02402745995423341, "fast_rcnn/fg_cls_accuracy": 0.9759725400457666, "iteration": 179, "loss_box_reg": 0.28871266543865204, "loss_cls": 0.0639198012650013, "loss_rpn_cls": 0.012928449548780918, "loss_rpn_loc": 0.021960276179015636, "lr": 0.00044955249999999993, "roi_head/num_bg_samples": 112.25, "roi_head/num_fg_samples": 15.75, "rpn/num_neg_anchors": 239.75, "rpn/num_pos_anchors": 16.25, "time": 2.1490759684999716, "total_loss": 0.42281555151566863}
{"data_time": 0.0007111485000450557, "eta_seconds": 642.9227835000063, "fast_rcnn/cls_accuracy": 0.982421875, "fast_rcnn/false_negative": 0.033482142857142856, "fast_rcnn/fg_cls_accuracy": 0.9665178571428572, "iteration": 199, "loss_box_reg": 0.1989734172821045, "loss_cls": 0.049385592341423035, "loss_rpn_cls": 0.012227195780724287, "loss_rpn_loc": 0.018553154543042183, "lr": 0.0004995025, "roi_head/num_bg_samples": 112.0, "roi_head/num_fg_samples": 16.0, "rpn/num_neg_anchors": 240.0, "rpn/num_pos_anchors": 16.0, "time": 2.1523554009999657, "total_loss": 0.2908763256855309}
{"data_time": 0.001009520000025077, "eta_seconds": 599.5985367400044, "fast_rcnn/cls_accuracy": 0.984375, "fast_rcnn/false_negative": 0.030303030303030304, "fast_rcnn/fg_cls_accuracy": 0.9696969696969697, "iteration": 219, "loss_box_reg": 0.19678597897291183, "loss_cls": 0.044580407440662384, "loss_rpn_cls": 0.007446686737239361, "loss_rpn_loc": 0.009948583785444498, "lr": 0.0005494525, "roi_head/num_bg_samples": 111.5, "roi_head/num_fg_samples": 16.5, "rpn/num_neg_anchors": 247.0, "rpn/num_pos_anchors": 9.0, "time": 2.0856877804999954, "total_loss": 0.268239947152324}
{"data_time": 0.0010697430000163877, "eta_seconds": 556.9411716700063, "fast_rcnn/cls_accuracy": 0.984375, "fast_rcnn/false_negative": 0.0, "fast_rcnn/fg_cls_accuracy": 1.0, "iteration": 239, "loss_box_reg": 0.13319197297096252, "loss_cls": 0.0476839616894722, "loss_rpn_cls": 0.004365254659205675, "loss_rpn_loc": 0.015328632201999426, "lr": 0.0005994025, "roi_head/num_bg_samples": 112.5, "roi_head/num_fg_samples": 15.5, "rpn/num_neg_anchors": 241.0, "rpn/num_pos_anchors": 15.0, "time": 2.1509623114999386, "total_loss": 0.20810337172588333}
{"data_time": 0.0010376714999438263, "eta_seconds": 514.338226800005, "fast_rcnn/cls_accuracy": 0.98046875, "fast_rcnn/false_negative": 0.010416666666666666, "fast_rcnn/fg_cls_accuracy": 0.9895833333333333, "iteration": 259, "loss_box_reg": 0.13135583698749542, "loss_cls": 0.047227708622813225, "loss_rpn_cls": 0.0029621480498462915, "loss_rpn_loc": 0.021310551092028618, "lr": 0.0006493525, "roi_head/num_bg_samples": 109.75, "roi_head/num_fg_samples": 18.25, "rpn/num_neg_anchors": 237.5, "rpn/num_pos_anchors": 18.5, "time": 2.148108191999995, "total_loss": 0.21130861400160939}
{"data_time": 0.0010033279999106526, "eta_seconds": 471.7203592200008, "fast_rcnn/cls_accuracy": 0.986328125, "fast_rcnn/false_negative": 0.0, "fast_rcnn/fg_cls_accuracy": 1.0, "iteration": 279, "loss_box_reg": 0.11670828610658646, "loss_cls": 0.03801922872662544, "loss_rpn_cls": 0.007090815342962742, "loss_rpn_loc": 0.011682677548378706, "lr": 0.0006993025000000001, "roi_head/num_bg_samples": 110.75, "roi_head/num_fg_samples": 17.25, "rpn/num_neg_anchors": 244.25, "rpn/num_pos_anchors": 11.75, "time": 2.1494032264999987, "total_loss": 0.19125597784295678}
{"data_time": 0.0008715564999874914, "eta_seconds": 429.16540270000496,